{
  "algo": "dilithium",
  "kind": "SIG",
  "ops": {
    "keygen": {
      "runs": 50,
      "mean_ms": 0.31292800209484994,
      "min_ms": 0.23499998496845365,
      "max_ms": 1.4785999665036798,
      "series": [
        1.4785999665036798,
        0.32570003531873226,
        0.2468000166118145,
        0.24399999529123306,
        0.3184000379405916,
        0.3027000348083675,
        0.2416999777778983,
        0.3399999695830047,
        0.27869996847584844,
        0.23959996178746223,
        0.30429998878389597,
        0.2373000024817884,
        0.30449999030679464,
        0.235399988014251,
        0.30909996712580323,
        0.23499998496845365,
        0.32459996873512864,
        0.2978999982587993,
        0.2367000561207533,
        0.30429998878389597,
        0.29120000544935465,
        0.30420004623010755,
        0.29009999707341194,
        0.30159996822476387,
        0.3223000094294548,
        0.3169000265188515,
        0.304899993352592,
        0.25129999266937375,
        0.291300006210804,
        0.3046999918296933,
        0.3215000033378601,
        0.3056999994441867,
        0.31860003946349025,
        0.31269999453797936,
        0.30400004470720887,
        0.3034999826923013,
        0.30180002795532346,
        0.30479999259114265,
        0.3206999972462654,
        0.3081999602727592,
        0.31460000900551677,
        0.26110000908374786,
        0.2452000044286251,
        0.2389000146649778,
        0.30289997812360525,
        0.2968000480905175,
        0.3008000203408301,
        0.3035999834537506,
        0.2550000208429992,
        0.2422000397928059
      ],
      "mem_mean_kb": 13.2,
      "mem_min_kb": 4.0,
      "mem_max_kb": 204.0,
      "mem_series_kb": [
        204.0,
        4.0,
        12.0,
        20.0,
        12.0,
        16.0,
        4.0,
        12.0,
        12.0,
        4.0,
        4.0,
        4.0,
        4.0,
        4.0,
        12.0,
        4.0,
        12.0,
        4.0,
        4.0,
        4.0,
        4.0,
        12.0,
        12.0,
        4.0,
        12.0,
        12.0,
        12.0,
        4.0,
        12.0,
        4.0,
        20.0,
        12.0,
        4.0,
        4.0,
        4.0,
        12.0,
        12.0,
        4.0,
        12.0,
        12.0,
        20.0,
        20.0,
        4.0,
        12.0,
        4.0,
        20.0,
        12.0,
        12.0,
        4.0,
        12.0
      ]
    },
    "sign": {
      "runs": 50,
      "mean_ms": 0.884196002734825,
      "min_ms": 0.5173999816179276,
      "max_ms": 2.0656000124290586,
      "series": [
        0.9003999875858426,
        0.5979999550618231,
        0.7860999903641641,
        0.8698999881744385,
        1.1488000163808465,
        0.7844000356271863,
        0.742900010664016,
        0.7665000157430768,
        0.8829000289551914,
        0.6068000220693648,
        1.0647999588400126,
        0.7358999573625624,
        0.9737000218592584,
        1.003699959255755,
        0.5218000151216984,
        0.533799990080297,
        0.9142999770119786,
        0.7235999801196158,
        0.8306000381708145,
        0.5186999915167689,
        0.8017999934963882,
        0.5219000158831477,
        0.7866999949328601,
        0.5173999816179276,
        0.9813999640755355,
        0.6874999962747097,
        1.2462000013329089,
        0.6001999718137085,
        2.0656000124290586,
        1.81049999082461,
        0.8877000072970986,
        1.05640001129359,
        1.1052999761886895,
        0.7978000212460756,
        0.9352000197395682,
        0.5233000265434384,
        0.8242000476457179,
        0.9192000143229961,
        0.6726999999955297,
        0.681100005749613,
        0.7543999818153679,
        1.5717000351287425,
        1.0062999790534377,
        0.7887000101618469,
        1.3739000423811376,
        0.6580000044777989,
        1.3729000347666442,
        0.5339999916031957,
        1.2283000396564603,
        0.5919000250287354
      ],
      "mem_mean_kb": 9.6,
      "mem_min_kb": 4.0,
      "mem_max_kb": 20.0,
      "mem_series_kb": [
        20.0,
        4.0,
        12.0,
        12.0,
        4.0,
        12.0,
        4.0,
        12.0,
        12.0,
        4.0,
        20.0,
        12.0,
        12.0,
        12.0,
        12.0,
        12.0,
        4.0,
        4.0,
        4.0,
        20.0,
        4.0,
        4.0,
        4.0,
        12.0,
        4.0,
        4.0,
        4.0,
        12.0,
        20.0,
        12.0,
        20.0,
        12.0,
        12.0,
        12.0,
        4.0,
        12.0,
        12.0,
        4.0,
        12.0,
        12.0,
        4.0,
        4.0,
        12.0,
        12.0,
        4.0,
        20.0,
        4.0,
        12.0,
        4.0,
        4.0
      ]
    },
    "verify": {
      "runs": 50,
      "mean_ms": 1.0810740012675524,
      "min_ms": 0.6613000296056271,
      "max_ms": 2.1268000127747655,
      "series": [
        0.6967000081203878,
        1.1696000001393259,
        1.1153999948874116,
        0.825099996291101,
        1.137399987783283,
        1.3805999769829214,
        0.972100009676069,
        1.490199996624142,
        0.7840999751351774,
        1.1075999937020242,
        0.8032000041566789,
        0.8703000494278967,
        0.7395999855361879,
        0.946100044529885,
        1.7710999818518758,
        1.1989999911747873,
        0.7686000317335129,
        2.098299970384687,
        0.9640000062063336,
        0.7539000362157822,
        0.7489999989047647,
        0.9044999605976045,
        1.2582000344991684,
        1.1906999861821532,
        0.9865000029094517,
        1.05640001129359,
        0.8230999810621142,
        1.1887999717146158,
        1.1343999649398029,
        1.8161000334657729,
        0.6613000296056271,
        0.804100011009723,
        0.7860999903641641,
        1.6147000133059919,
        0.8987999754026532,
        0.8595000253990293,
        1.2156000011600554,
        0.9056000271812081,
        0.9943000040948391,
        2.1268000127747655,
        1.16610003169626,
        0.9583000210113823,
        0.8138000266626477,
        0.9686999837867916,
        1.5029999776743352,
        1.3054999872110784,
        0.6659000064246356,
        0.797899963799864,
        0.9695999906398356,
        1.3374999980442226
      ],
      "mem_mean_kb": 10.56,
      "mem_min_kb": 4.0,
      "mem_max_kb": 20.0,
      "mem_series_kb": [
        20.0,
        12.0,
        4.0,
        4.0,
        20.0,
        20.0,
        12.0,
        12.0,
        12.0,
        12.0,
        20.0,
        20.0,
        12.0,
        12.0,
        4.0,
        12.0,
        12.0,
        12.0,
        12.0,
        4.0,
        12.0,
        12.0,
        12.0,
        12.0,
        12.0,
        12.0,
        4.0,
        4.0,
        12.0,
        12.0,
        12.0,
        4.0,
        4.0,
        12.0,
        4.0,
        12.0,
        4.0,
        12.0,
        12.0,
        12.0,
        12.0,
        4.0,
        12.0,
        4.0,
        12.0,
        12.0,
        4.0,
        4.0,
        20.0,
        4.0
      ]
    }
  },
  "meta": {
    "public_key_len": 1952,
    "secret_key_len": 4032,
    "signature_len": 3309,
    "message_size": 1024,
    "signature_expansion_ratio": 3.2314453125,
    "mechanism": null
  },
  "security": {
    "classical_bits": 128.0,
    "quantum_bits": 128.0,
    "shor_breakable": false,
    "notes": "ML-DSA (Dilithium): NIST floor; enable --sec-adv for estimator.",
    "extras": {
      "category_floor": 128,
      "nist_category": 1
    }
  }
}