{
  "algo": "falcon",
  "kind": "SIG",
  "ops": {
    "keygen": {
      "runs": 50,
      "mean_ms": 6.158417998813093,
      "min_ms": 4.6817000256851315,
      "max_ms": 9.924500016495585,
      "series": [
        6.975899974349886,
        5.060700001195073,
        6.654799974057823,
        7.276999996975064,
        4.914899996947497,
        5.9698999975807965,
        4.763500008266419,
        5.50709996605292,
        8.066100010182709,
        6.015899998601526,
        4.75600000936538,
        9.42459999350831,
        5.368499958422035,
        6.140900019090623,
        5.001200013794005,
        5.776999983936548,
        5.06270001642406,
        6.112599978223443,
        9.924500016495585,
        5.376100016292185,
        9.343699959572405,
        5.591000022832304,
        4.6817000256851315,
        4.8664999776519835,
        7.82440003240481,
        5.838699988089502,
        6.270600017160177,
        5.4002999677322805,
        6.925199995748699,
        4.75139997433871,
        7.099100039340556,
        6.166200037114322,
        8.518899965565652,
        5.357100046239793,
        5.582199955824763,
        6.2904999940656126,
        5.854999995790422,
        6.5463000210002065,
        5.551300011575222,
        5.161400011274964,
        6.780900002922863,
        5.302499979734421,
        6.014099984895438,
        7.08210002630949,
        4.9563999637030065,
        7.304500031750649,
        5.62710000667721,
        6.273499981034547,
        5.7289000251330435,
        5.079499969724566
      ],
      "mem_mean_kb": 19.04,
      "mem_min_kb": 4.0,
      "mem_max_kb": 340.0,
      "mem_series_kb": [
        340.0,
        4.0,
        12.0,
        20.0,
        12.0,
        24.0,
        4.0,
        20.0,
        4.0,
        16.0,
        20.0,
        20.0,
        12.0,
        20.0,
        4.0,
        12.0,
        12.0,
        12.0,
        20.0,
        12.0,
        4.0,
        12.0,
        12.0,
        12.0,
        4.0,
        4.0,
        12.0,
        12.0,
        12.0,
        20.0,
        12.0,
        12.0,
        12.0,
        12.0,
        12.0,
        12.0,
        12.0,
        20.0,
        20.0,
        12.0,
        12.0,
        12.0,
        12.0,
        4.0,
        12.0,
        12.0,
        20.0,
        12.0,
        4.0,
        12.0
      ]
    },
    "sign": {
      "runs": 50,
      "mean_ms": 6.160512000788003,
      "min_ms": 5.009100015740842,
      "max_ms": 8.371600008103997,
      "series": [
        5.368000012822449,
        5.492499971296638,
        7.2879999643191695,
        6.9139000261202455,
        5.432200036011636,
        5.479500046931207,
        5.881699966266751,
        5.453400022815913,
        6.180599972140044,
        5.731799989007413,
        5.663000047206879,
        7.28359998902306,
        6.728200009092689,
        5.7888999581336975,
        6.704600004013628,
        5.605900019872934,
        6.4851000206544995,
        5.591999972239137,
        5.368600017391145,
        5.309899977874011,
        7.104900025296956,
        7.156600011512637,
        5.414300016127527,
        5.29230001848191,
        6.057600025087595,
        6.3316000159829855,
        6.056999962311238,
        8.11609998345375,
        6.652100011706352,
        5.842500017024577,
        5.239100020844489,
        6.395900039933622,
        6.6287999507039785,
        5.207700014580041,
        5.667400022502989,
        5.424599978141487,
        6.938699982129037,
        7.45249999454245,
        7.799299957696348,
        7.86740001058206,
        5.232800031080842,
        5.009100015740842,
        6.380899983923882,
        8.371600008103997,
        5.858800024725497,
        6.136199983302504,
        5.07739995373413,
        5.219999991822988,
        5.866899969987571,
        6.474099995102733
      ],
      "mem_mean_kb": 12.32,
      "mem_min_kb": 4.0,
      "mem_max_kb": 40.0,
      "mem_series_kb": [
        40.0,
        12.0,
        12.0,
        12.0,
        4.0,
        12.0,
        12.0,
        20.0,
        12.0,
        4.0,
        4.0,
        12.0,
        12.0,
        12.0,
        20.0,
        16.0,
        12.0,
        12.0,
        20.0,
        12.0,
        12.0,
        4.0,
        4.0,
        4.0,
        12.0,
        20.0,
        12.0,
        20.0,
        12.0,
        20.0,
        12.0,
        12.0,
        20.0,
        4.0,
        4.0,
        4.0,
        12.0,
        12.0,
        20.0,
        12.0,
        12.0,
        4.0,
        12.0,
        12.0,
        12.0,
        12.0,
        12.0,
        4.0,
        12.0,
        20.0
      ]
    },
    "verify": {
      "runs": 50,
      "mean_ms": 6.40463599935174,
      "min_ms": 5.0981000531464815,
      "max_ms": 10.111600044183433,
      "series": [
        6.380799983162433,
        7.186600007116795,
        6.063900014851242,
        6.438599957618862,
        6.120099977124482,
        6.025400012731552,
        5.8123000198975205,
        7.580599980428815,
        5.296599993016571,
        6.146700005047023,
        6.481299991719425,
        6.153900001663715,
        6.8672000197693706,
        7.083200034685433,
        5.0981000531464815,
        5.632599990349263,
        5.38119999691844,
        5.375400010962039,
        5.205199995543808,
        5.765399953816086,
        9.56079998286441,
        5.6653000065125525,
        5.731099983677268,
        5.607100029010326,
        5.550900008529425,
        6.206999998539686,
        5.572499998379499,
        5.198200000450015,
        5.29230001848191,
        6.587599986232817,
        7.742700050584972,
        10.111600044183433,
        5.559199955314398,
        6.303100031800568,
        5.5661999504081905,
        7.785100024193525,
        5.823599989525974,
        6.165199971292168,
        6.8249000469222665,
        7.480399974156171,
        6.48660003207624,
        9.9222999997437,
        6.126799969933927,
        6.534599990118295,
        7.4204999837093055,
        5.479299987200648,
        6.445900013204664,
        6.901899992953986,
        6.789999955799431,
        5.693999992217869
      ],
      "mem_mean_kb": 12.08,
      "mem_min_kb": 4.0,
      "mem_max_kb": 20.0,
      "mem_series_kb": [
        20.0,
        20.0,
        20.0,
        12.0,
        12.0,
        4.0,
        4.0,
        20.0,
        20.0,
        20.0,
        4.0,
        12.0,
        20.0,
        12.0,
        8.0,
        20.0,
        12.0,
        12.0,
        4.0,
        12.0,
        12.0,
        4.0,
        12.0,
        12.0,
        12.0,
        12.0,
        12.0,
        12.0,
        4.0,
        4.0,
        12.0,
        12.0,
        12.0,
        12.0,
        12.0,
        20.0,
        12.0,
        12.0,
        12.0,
        12.0,
        4.0,
        12.0,
        12.0,
        4.0,
        12.0,
        12.0,
        12.0,
        12.0,
        12.0,
        20.0
      ]
    }
  },
  "meta": {
    "public_key_len": 897,
    "secret_key_len": 1281,
    "signature_len": 659,
    "message_size": 1024,
    "signature_expansion_ratio": 0.6435546875,
    "mechanism": null
  },
  "security": {
    "classical_bits": 128.0,
    "quantum_bits": 128.0,
    "shor_breakable": false,
    "notes": "Falcon: category floor; enable --sec-adv for estimator.",
    "extras": {
      "category_floor": 128,
      "nist_category": 1
    }
  }
}