{
  "algo": "falcon",
  "kind": "SIG",
  "ops": {
    "keygen": {
      "runs": 50,
      "mean_ms": 16.402703999192454,
      "min_ms": 4.769300008774735,
      "max_ms": 518.9913999929558,
      "series": [
        518.9913999929558,
        5.527399989659898,
        6.638599996222183,
        9.098900001845323,
        7.532900010119192,
        6.149900000309572,
        5.138100008480251,
        5.409899997175671,
        5.705099989427254,
        5.632200001855381,
        4.795499989995733,
        5.299800002831034,
        5.050899999332614,
        5.498700003954582,
        7.2568999894429,
        7.30650000332389,
        5.732699995860457,
        7.277500000782311,
        7.071800006087869,
        4.904399989754893,
        11.591100002988242,
        7.5634999957401305,
        5.019899996113963,
        5.355200002668425,
        5.579999997280538,
        4.96860001294408,
        6.31900000735186,
        6.561599991982803,
        6.726599996909499,
        5.79969999671448,
        4.929700007778592,
        6.064600005629472,
        4.769300008774735,
        6.647999995038845,
        4.923799991956912,
        10.25560000562109,
        6.448800006182864,
        8.326999988639727,
        5.281299992930144,
        4.812800005311146,
        4.8030000034486875,
        5.013099987991154,
        5.04709999950137,
        5.182900000363588,
        5.300899996655062,
        5.623799996101297,
        6.902399996761233,
        6.186099999467842,
        5.5265999981202185,
        6.584100003237836
      ],
      "mem_mean_kb": 20.48,
      "mem_min_kb": 4.0,
      "mem_max_kb": 348.0,
      "mem_series_kb": [
        348.0,
        4.0,
        20.0,
        24.0,
        12.0,
        20.0,
        24.0,
        4.0,
        20.0,
        4.0,
        12.0,
        20.0,
        12.0,
        4.0,
        12.0,
        12.0,
        12.0,
        12.0,
        12.0,
        12.0,
        4.0,
        12.0,
        12.0,
        20.0,
        12.0,
        12.0,
        20.0,
        20.0,
        20.0,
        12.0,
        12.0,
        20.0,
        4.0,
        20.0,
        12.0,
        20.0,
        20.0,
        12.0,
        12.0,
        20.0,
        20.0,
        20.0,
        12.0,
        4.0,
        12.0,
        20.0,
        4.0,
        4.0,
        12.0,
        20.0
      ]
    },
    "sign": {
      "runs": 50,
      "mean_ms": 6.483060000173282,
      "min_ms": 5.084599994006567,
      "max_ms": 10.660600004484877,
      "series": [
        5.996400010189973,
        7.544799998868257,
        8.990000002086163,
        5.861500001628883,
        6.001100002322346,
        6.649700007983483,
        6.107900000642985,
        5.542400002013892,
        7.027300001936965,
        7.731299992883578,
        5.084599994006567,
        5.3312000090954825,
        5.507399997441098,
        10.660600004484877,
        6.047699993359856,
        6.210600011399947,
        5.619599993224256,
        5.71230000059586,
        7.570899993879721,
        8.875800005625933,
        6.7915999970864505,
        5.394699997850694,
        5.189299990888685,
        6.229199992958456,
        7.27319999714382,
        5.940300005022436,
        6.151599998702295,
        6.300400011241436,
        7.084800003212877,
        5.4022999975131825,
        5.314299996825866,
        7.983699993928894,
        7.594999988214113,
        5.263500002911314,
        5.150299999513663,
        7.701400012592785,
        5.986100004520267,
        6.90730000496842,
        7.429200006299652,
        5.876399998669513,
        8.815200009848922,
        8.383399996091612,
        5.304999998770654,
        5.545099993469194,
        5.7084000000031665,
        5.318600000464357,
        5.6173999910242856,
        5.587100007687695,
        7.005399995250627,
        5.829699992318638
      ],
      "mem_mean_kb": 12.64,
      "mem_min_kb": 4.0,
      "mem_max_kb": 24.0,
      "mem_series_kb": [
        24.0,
        12.0,
        4.0,
        12.0,
        12.0,
        12.0,
        4.0,
        12.0,
        20.0,
        12.0,
        12.0,
        12.0,
        16.0,
        12.0,
        12.0,
        12.0,
        20.0,
        4.0,
        20.0,
        12.0,
        12.0,
        12.0,
        12.0,
        12.0,
        12.0,
        12.0,
        12.0,
        20.0,
        20.0,
        12.0,
        4.0,
        20.0,
        12.0,
        12.0,
        12.0,
        12.0,
        12.0,
        12.0,
        12.0,
        12.0,
        20.0,
        12.0,
        12.0,
        12.0,
        12.0,
        12.0,
        12.0,
        12.0,
        4.0,
        12.0
      ]
    },
    "verify": {
      "runs": 50,
      "mean_ms": 6.547874000389129,
      "min_ms": 5.1115999958710745,
      "max_ms": 10.450400004629046,
      "series": [
        6.475499991211109,
        5.247400011285208,
        5.4832000023452565,
        7.262500002980232,
        6.042099994374439,
        5.5635000026086345,
        6.672999996226281,
        7.5382000068202615,
        8.732500005862676,
        8.229300001403317,
        7.0832000055816025,
        7.520900006056763,
        5.634200002532452,
        6.380399994668551,
        5.845200008479878,
        5.365400007576682,
        7.118699999409728,
        5.912299995543435,
        5.259099998511374,
        6.0892999899806455,
        5.817099998239428,
        5.87160000577569,
        6.819500005804002,
        5.267000000458211,
        6.695800009765662,
        7.3628999962238595,
        7.073500004480593,
        7.348300001467578,
        7.40139999834355,
        6.9731999974465,
        5.262299993773922,
        5.390500009525567,
        8.158800003002398,
        6.8248000025050715,
        5.641499999910593,
        7.142699992982671,
        5.667299992637709,
        9.888399988994934,
        5.729400014388375,
        10.450400004629046,
        5.87449999875389,
        5.384999996749684,
        5.1115999958710745,
        5.486699999892153,
        7.203999994089827,
        6.452000001445413,
        6.800599992857315,
        5.444000009447336,
        5.429099997854792,
        7.963899988681078
      ],
      "mem_mean_kb": 12.32,
      "mem_min_kb": 4.0,
      "mem_max_kb": 20.0,
      "mem_series_kb": [
        20.0,
        12.0,
        20.0,
        20.0,
        12.0,
        12.0,
        12.0,
        4.0,
        16.0,
        12.0,
        16.0,
        12.0,
        12.0,
        12.0,
        12.0,
        4.0,
        12.0,
        4.0,
        20.0,
        20.0,
        4.0,
        12.0,
        12.0,
        12.0,
        12.0,
        12.0,
        12.0,
        12.0,
        20.0,
        4.0,
        12.0,
        20.0,
        20.0,
        12.0,
        12.0,
        12.0,
        12.0,
        4.0,
        12.0,
        12.0,
        12.0,
        4.0,
        4.0,
        12.0,
        12.0,
        4.0,
        12.0,
        20.0,
        20.0,
        12.0
      ]
    }
  },
  "meta": {
    "public_key_len": 897,
    "secret_key_len": 1281,
    "signature_len": 656,
    "message_size": 4096,
    "signature_expansion_ratio": 0.16015625,
    "mechanism": "Falcon-512"
  },
  "security": {
    "mechanism": "Falcon-512",
    "family": "Falcon",
    "category_floor": 128,
    "nist_category": 1,
    "classical_bits": 128.0,
    "quantum_bits": 128.0,
    "shor_breakable": false,
    "notes": "Falcon: estimator unavailable; using NIST category floor. Falcon-specific curated ranges attached in extras.falcon.curated_estimates.",
    "estimator": {
      "name": "unavailable (fallback to NIST floor)",
      "profile": "floor",
      "available": false
    },
    "parameters": {
      "mechanism": "Falcon-512",
      "n": 512,
      "q": 12289,
      "dim_lattice": 1024
    },
    "assumptions": {
      "core_svp_constants": {
        "classical": 0.292,
        "quantum": 0.262
      }
    },