{
  "algo": "hqc",
  "kind": "KEM",
  "ops": {
    "keygen": {
      "runs": 50,
      "mean_ms": 1.7273979999890798,
      "min_ms": 1.5602000000853877,
      "max_ms": 2.9193999999961306,
      "series": [
        2.9193999999961306,
        2.0301999999219333,
        1.713600000016413,
        1.575099999968188,
        1.773500000012973,
        1.5988000000106695,
        1.7573999999740408,
        1.7129999999951906,
        1.5660999999909109,
        1.5661999999565523,
        1.5602000000853877,
        1.5849000000116575,
        1.5690999999833366,
        1.5635999999403793,
        1.5948000000207685,
        1.6734999999243882,
        1.8301999999721374,
        1.5749000000369051,
        1.7861000000038985,
        1.7715000000180225,
        1.624900000024354,
        1.562600000056591,
        1.5604999999823121,
        1.5687999999727253,
        1.7709999999624415,
        1.7344999999977517,
        1.7808999999715525,
        1.6763999999511725,
        1.86010000004444,
        1.9603000000643078,
        1.7843000000539178,
        1.7399999999270221,
        1.9269999999096399,
        1.9991000000345593,
        1.7993000000160464,
        1.7296999999416585,
        1.757899999915935,
        1.805600000011509,
        1.6706999999769323,
        1.5624000000116212,
        1.5812999999980093,
        1.8079999999827123,
        1.630299999987983,
        1.6755000000330256,
        1.5642999999272433,
        1.59140000005209,
        1.7381999999770414,
        1.6932999999426102,
        1.9079999999576103,
        1.5814999999292922
      ],
      "mem_mean_kb": 16.0,
      "mem_min_kb": 4.0,
      "mem_max_kb": 276.0,
      "mem_series_kb": [
        276.0,
        12.0,
        4.0,
        12.0,
        12.0,
        12.0,
        12.0,
        12.0,
        12.0,
        12.0,
        12.0,
        12.0,
        12.0,
        12.0,
        4.0,
        20.0,
        4.0,
        4.0,
        12.0,
        4.0,
        12.0,
        12.0,
        12.0,
        12.0,
        12.0,
        20.0,
        12.0,
        4.0,
        12.0,
        12.0,
        12.0,
        4.0,
        12.0,
        12.0,
        12.0,
        12.0,
        12.0,
        12.0,
        4.0,
        12.0,
        4.0,
        12.0,
        12.0,
        20.0,
        4.0,
        4.0,
        12.0,
        12.0,
        12.0,
        12.0
      ]
    },
    "encapsulate": {
      "runs": 50,
      "mean_ms": 4.600960000009309,
      "min_ms": 4.389800000012656,
      "max_ms": 4.874299999983123,
      "series": [
        4.504700000097728,
        4.603400000064539,
        4.566800000020521,
        4.705199999989418,
        4.520099999922422,
        4.589099999975588,
        4.806000000030508,
        4.546800000071016,
        4.861200000050303,
        4.6497000000726985,
        4.796999999939544,
        4.79429999995773,
        4.402499999969223,
        4.643400000077236,
        4.513099999940096,
        4.748299999960182,
        4.605500000025131,
        4.710400000021764,
        4.653300000086347,
        4.594600000018545,
        4.418900000018766,
        4.3974999999818465,
        4.389800000012656,
        4.670900000064648,
        4.550200000039695,
        4.6767999999701715,
        4.606400000056965,
        4.403199999956087,
        4.874299999983123,
        4.644600000005994,
        4.400599999939914,
        4.530599999952756,
        4.795700000045144,
        4.594300000007934,
        4.746299999965231,
        4.48889999995572,
        4.612700000052428,
        4.419500000039989,
        4.4040999999879205,
        4.609100000038779,
        4.582499999969514,
        4.469399999948109,
        4.543899999930545,
        4.711199999974269,
        4.592300000012983,
        4.631500000073174,
        4.596200000037243,
        4.743700000062745,
        4.5058000000608445,
        4.621700000029705
      ],
      "mem_mean_kb": 12.56,
      "mem_min_kb": 4.0,
      "mem_max_kb": 36.0,
      "mem_series_kb": [
        36.0,
        20.0,
        12.0,
        12.0,
        12.0,
        12.0,
        12.0,
        12.0,
        12.0,
        12.0,
        12.0,
        12.0,
        12.0,
        12.0,
        12.0,
        20.0,
        20.0,
        12.0,
        16.0,
        12.0,
        4.0,
        4.0,
        4.0,
        4.0,
        12.0,
        12.0,
        12.0,
        12.0,
        12.0,
        4.0,
        20.0,
        12.0,
        20.0,
        12.0,
        12.0,
        20.0,
        12.0,
        12.0,
        4.0,
        12.0,
        12.0,
        12.0,
        4.0,
        12.0,
        12.0,
        20.0,
        20.0,
        12.0,
        12.0,
        4.0
      ]
    },
    "decapsulate": {
      "runs": 50,
      "mean_ms": 9.24335999999812,
      "min_ms": 8.862000000021908,
      "max_ms": 10.991600000011204,
      "series": [
        9.717099999988932,
        9.269700000004377,
        9.0596000000005,
        9.21169999992344,
        9.146699999973862,
        10.991600000011204,
        9.682699999984834,
        10.436499999968873,
        9.033700000031786,
        9.058099999947444,
        9.016399999950409,
        9.176099999990583,
        9.273500000062995,
        9.025700000051984,
        9.106200000019271,
        9.358799999972689,
        8.862000000021908,
        9.217900000066948,
        9.06570000006468,
        8.98589999997057,
        9.071599999970203,
        9.069000000067717,
        9.594699999979639,
        8.924600000000282,
        9.141599999907157,
        9.09650000005513,
        9.300600000074155,
        9.400700000014695,
        9.11380000002282,
        8.972699999958422,
        9.002499999951397,
        9.204499999896143,
        9.27969999997913,
        9.2003999999406,
        9.011099999952421,
        9.13700000000972,
        9.255999999936648,
        9.412999999995009,
        9.22179999997752,
        9.10959999998795,
        9.06940000004397,
        9.229200000049786,
        9.16430000006585,
        9.371999999984837,
        9.178000000019892,
        9.262599999942722,
        9.131899999943016,
        9.178200000064862,
        9.1335000000754,
        9.231900000031601
      ],
      "mem_mean_kb": 11.28,
      "mem_min_kb": 4.0,
      "mem_max_kb": 28.0,
      "mem_series_kb": [
        28.0,
        12.0,
        12.0,
        12.0,
        12.0,
        4.0,
        4.0,
        4.0,
        4.0,
        4.0,
        12.0,
        4.0,
        12.0,
        12.0,
        12.0,
        12.0,
        12.0,
        12.0,
        12.0,
        12.0,
        12.0,
        12.0,
        12.0,
        12.0,
        12.0,
        12.0,
        4.0,
        12.0,
        12.0,
        16.0,
        12.0,
        12.0,
        12.0,
        12.0,
        12.0,
        12.0,
        12.0,
        4.0,
        12.0,
        12.0,
        12.0,
        12.0,
        12.0,
        12.0,
        20.0,
        12.0,
        12.0,
        12.0,
        12.0,
        12.0
      ]
    }
  },
  "meta": {
    "public_key_len": 2249,
    "secret_key_len": 2305,
    "ciphertext_len": 4433,
    "shared_secret_len": 64,
    "ciphertext_expansion_ratio": 69.265625,
    "mechanism": "HQC-128"
  },
  "security": {
    "classical_bits": 128.0,
    "quantum_bits": 128.0,
    "shor_breakable": false,
    "notes": "Code-based (HQC): NIST category floor; attaches coarse ISD exponents when (n,k,w) available. No known polynomial-time quantum attack; Grover-limited speedups may apply to search components.",
    "extras": {
      "category_floor": 128,
      "nist_category": 1
    },
    "mechanism": "HQC-128"
  }
}