{
  "algo": "hqc",
  "kind": "KEM",
  "ops": {
    "keygen": {
      "runs": 5,
      "mean_ms": 4.523259960114956,
      "min_ms": 2.6335001457482576,
      "max_ms": 11.426299810409546,
      "median_ms": 2.896500052884221,
      "stddev_ms": 3.4546390013903108,
      "ci95_low_ms": 1.1377759489587431,
      "ci95_high_ms": 7.908743971271169,
      "range_ms": 8.792799664661288,
      "series": [
        11.426299810409546,
        2.896500052884221,
        2.6335001457482576,
        3.015599912032485,
        2.64439987950027
      ],
      "mem_mean_kb": 90.4,
      "mem_min_kb": 84.0,
      "mem_max_kb": 96.0,
      "mem_median_kb": 92.0,
      "mem_stddev_kb": 4.079215610874228,
      "mem_ci95_low_kb": 86.40244215875649,
      "mem_ci95_high_kb": 94.39755784124353,
      "mem_range_kb": 12.0,
      "mem_series_kb": [
        92.0,
        88.0,
        96.0,
        92.0,
        84.0
      ],
      "runtime_scaling": {
        "baseline_device": "amd_ryzen_7_5700x",
        "baseline_metric": "geekbench6_single",
        "baseline_score": 1995.0,
        "alpha": 0.65,
        "model": "two_term",
        "predictions": {
          "intel_i9_14900k": {
            "device": "intel_i9_14900k",
            "predicted_ms": 2.416636556556279,
            "factor": 0.5342687747035573,
            "compute_ratio": 0.6065673456977805,
            "bandwidth_ratio": 0.4,
            "model": "two_term"
          },
          "amd_ryzen_9_7950x": {
            "device": "amd_ryzen_9_7950x",
            "predicted_ms": 2.6630973005438436,
            "factor": 0.588756190010393,
            "compute_ratio": 0.6708137188971083,
            "bandwidth_ratio": 0.43636363636363634,
            "model": "two_term"
          },
          "esp32_s3": {
            "device": "esp32_s3",
            "predicted_ms": 103.80881608463824,
            "factor": 22.95,
            "compute_ratio": 3.0,
            "bandwidth_ratio": 60.0,
            "model": "two_term"
          },
          "nrf52840": {
            "device": "nrf52840",
            "predicted_ms": 331.6306983446263,
            "factor": 73.31674528301886,
            "compute_ratio": 9.410377358490566,
            "bandwidth_ratio": 192.0,
            "model": "two_term"
          },
          "macbookpro16_i9_9880h": {
            "device": "macbookpro16_i9_9880h",
            "predicted_ms": 13.795073093390473,
            "factor": 3.0498077083855866,
            "compute_ratio": 1.5011286681715577,
            "bandwidth_ratio": 5.9259259259259265,
            "model": "two_term"
          }
        },
        "notes": "Geekbench 6 single-core \u22481995; STREAM copy \u224848 GB/s (DDR4-3200)"
      }
    },
    "encapsulate": {
      "runs": 5,
      "mean_ms": 4.816980008035898,
      "min_ms": 3.7659001536667347,
      "max_ms": 6.326999980956316,
      "median_ms": 4.803800024092197,
      "stddev_ms": 0.8518209700258336,
      "ci95_low_ms": 3.982210796772595,
      "ci95_high_ms": 5.651749219299202,
      "range_ms": 2.5610998272895813,
      "series": [
        6.326999980956316,
        4.326199879869819,
        4.803800024092197,
        3.7659001536667347,
        4.862000001594424
      ],
      "mem_mean_kb": 105.6,
      "mem_min_kb": 84.0,
      "mem_max_kb": 160.0,
      "mem_median_kb": 92.0,
      "mem_stddev_kb": 28.011426240018555,
      "mem_ci95_low_kb": 78.1493067069817,
      "mem_ci95_high_kb": 133.05069329301827,
      "mem_range_kb": 76.0,
      "mem_series_kb": [
        84.0,
        88.0,
        160.0,
        104.0,
        92.0
      ],
      "runtime_scaling": {
        "baseline_device": "amd_ryzen_7_5700x",
        "baseline_metric": "geekbench6_single",
        "baseline_score": 1995.0,
        "alpha": 0.65,
        "model": "two_term",
        "predictions": {
          "intel_i9_14900k": {
            "device": "intel_i9_14900k",
            "predicted_ms": 2.573562006664871,
            "factor": 0.5342687747035573,
            "compute_ratio": 0.6065673456977805,
            "bandwidth_ratio": 0.4,
            "model": "two_term"
          },
          "amd_ryzen_9_7950x": {
            "device": "amd_ryzen_9_7950x",
            "predicted_ms": 2.836026796887448,
            "factor": 0.588756190010393,
            "compute_ratio": 0.6708137188971083,
            "bandwidth_ratio": 0.43636363636363634,
            "model": "two_term"
          },
          "esp32_s3": {
            "device": "esp32_s3",
            "predicted_ms": 110.54969118442386,
            "factor": 22.95,
            "compute_ratio": 3.0,
            "bandwidth_ratio": 60.0,
            "model": "two_term"
          },
          "nrf52840": {
            "device": "nrf52840",
            "predicted_ms": 353.1652962825621,
            "factor": 73.31674528301886,
            "compute_ratio": 9.410377358490566,
            "bandwidth_ratio": 192.0,
            "model": "two_term"
          },
          "macbookpro16_i9_9880h": {
            "device": "macbookpro16_i9_9880h",
            "predicted_ms": 14.690862759647148,
            "factor": 3.0498077083855866,
            "compute_ratio": 1.5011286681715577,
            "bandwidth_ratio": 5.9259259259259265,
            "model": "two_term"
          }
        },
        "notes": "Geekbench 6 single-core \u22481995; STREAM copy \u224848 GB/s (DDR4-3200)"
      }
    },
    "decapsulate": {
      "runs": 5,
      "mean_ms": 8.915240038186312,
      "min_ms": 5.650100065395236,
      "max_ms": 15.834900084882975,
      "median_ms": 6.719900062307715,
      "stddev_ms": 3.716390521933798,
      "ci95_low_ms": 5.273244250448183,
      "ci95_high_ms": 12.55723582592444,
      "range_ms": 10.184800019487739,
      "series": [
        15.834900084882975,
        5.650100065395236,
        6.719900062307715,
        6.6639999859035015,
        9.707299992442131
      ],
      "mem_mean_kb": 87.2,
      "mem_min_kb": 80.0,
      "mem_max_kb": 96.0,
      "mem_median_kb": 88.0,
      "mem_stddev_kb": 5.3065996645686395,
      "mem_ci95_low_kb": 81.99962788853657,
      "mem_ci95_high_kb": 92.40037211146344,
      "mem_range_kb": 16.0,
      "mem_series_kb": [
        88.0,
        80.0,
        88.0,
        96.0,
        84.0
      ],
      "runtime_scaling": {
        "baseline_device": "amd_ryzen_7_5700x",
        "baseline_metric": "geekbench6_single",
        "baseline_score": 1995.0,
        "alpha": 0.65,
        "model": "two_term",
        "predictions": {
          "intel_i9_14900k": {
            "device": "intel_i9_14900k",
            "predicted_ms": 4.763134371389896,
            "factor": 0.5342687747035573,
            "compute_ratio": 0.6065673456977805,
            "bandwidth_ratio": 0.4,
            "model": "two_term"
          },
          "amd_ryzen_9_7950x": {
            "device": "amd_ryzen_9_7950x",
            "predicted_ms": 5.248902757910684,
            "factor": 0.588756190010393,
            "compute_ratio": 0.6708137188971083,
            "bandwidth_ratio": 0.43636363636363634,
            "model": "two_term"
          },
          "esp32_s3": {
            "device": "esp32_s3",
            "predicted_ms": 204.60475887637585,
            "factor": 22.95,
            "compute_ratio": 3.0,
            "bandwidth_ratio": 60.0,
            "model": "two_term"
          },
          "nrf52840": {
            "device": "nrf52840",
            "predicted_ms": 653.6363830166772,
            "factor": 73.31674528301886,
            "compute_ratio": 9.410377358490566,
            "bandwidth_ratio": 192.0,
            "model": "two_term"
          },
          "macbookpro16_i9_9880h": {
            "device": "macbookpro16_i9_9880h",
            "predicted_ms": 27.189767790568425,
            "factor": 3.0498077083855866,
            "compute_ratio": 1.5011286681715577,
            "bandwidth_ratio": 5.9259259259259265,
            "model": "two_term"
          }
        },