{
  "algo": "kyber",
  "kind": "KEM",
  "ops": {
    "keygen": {
      "runs": 2,
      "mean_ms": 0.8619499994892976,
      "min_ms": 0.17239999942830764,
      "max_ms": 1.5514999995502876
    },
    "encapsulate": {
      "runs": 2,
      "mean_ms": 0.32795000061014434,
      "min_ms": 0.30480000077659497,
      "max_ms": 0.3511000004436937
    },
    "decapsulate": {
      "runs": 2,
      "mean_ms": 0.39874999993116944,
      "min_ms": 0.38949999998294516,
      "max_ms": 0.4079999998793937
    }
  },
  "meta": {
    "public_key_len": 1184,
    "secret_key_len": 2400,
    "ciphertext_len": 1088,
    "shared_secret_len": 32
  }
}