{
  "algo": "kyber",
  "kind": "KEM",
  "ops": {
    "keygen": {
      "runs": 50,
      "mean_ms": 0.22244600113481283,
      "min_ms": 0.15820004045963287,
      "max_ms": 1.4172999653965235,
      "series": [
        1.4172999653965235,
        0.21379999816417694,
        0.2031000331044197,
        0.2209999947808683,
        0.1689000055193901,
        0.19859999883919954,
        0.21039997227489948,
        0.19920000340789557,
        0.19380002049729228,
        0.22359995637089014,
        0.1981999957934022,
        0.21660001948475838,
        0.2080000122077763,
        0.19130000146105886,
        0.19210000755265355,
        0.1889999839477241,
        0.1865000231191516,
        0.1838000025600195,
        0.18800003454089165,
        0.22330001229420304,
        0.1928000128827989,
        0.20239996956661344,
        0.1841000048443675,
        0.1838000025600195,
        0.18540001474320889,
        0.18089998047798872,
        0.16289995983242989,
        0.21999998716637492,
        0.21139997988939285,
        0.1900000497698784,
        0.18530001398175955,
        0.18360000103712082,
        0.18500001169741154,
        0.18539995653554797,
        0.22069999249652028,
        0.21090003428980708,
        0.208500016015023,
        0.15820004045963287,
        0.20409998251125216,
        0.20479998784139752,
        0.2019999665208161,
        0.20859995856881142,
        0.21510000806301832,
        0.17419998766854405,
        0.21240004571154714,
        0.20629999926313758,
        0.20560005214065313,
        0.20290003158152103,
        0.20549999317154288,
        0.20299997413530946
      ],
      "mem_mean_kb": 11.04,
      "mem_min_kb": 4.0,
      "mem_max_kb": 24.0,
      "mem_series_kb": [
        24.0,
        12.0,
        12.0,
        20.0,
        20.0,
        8.0,
        12.0,
        20.0,
        12.0,
        4.0,
        12.0,
        4.0,
        20.0,
        4.0,
        4.0,
        4.0,
        12.0,
        20.0,
        12.0,
        4.0,
        12.0,
        12.0,
        12.0,
        4.0,
        4.0,
        12.0,
        12.0,
        4.0,
        20.0,
        4.0,
        4.0,
        12.0,
        12.0,
        4.0,
        12.0,
        4.0,
        20.0,
        12.0,
        12.0,
        12.0,
        12.0,
        12.0,
        20.0,
        4.0,
        12.0,
        12.0,
        4.0,
        12.0,
        12.0,
        12.0
      ]
    },
    "encapsulate": {
      "runs": 50,
      "mean_ms": 0.35534399561583996,
      "min_ms": 0.30590000096708536,
      "max_ms": 0.4768000217154622,
      "series": [
        0.4768000217154622,
        0.33330003498122096,
        0.4144000122323632,
        0.41530001908540726,
        0.3244000254198909,
        0.3848000196740031,
        0.31380000291392207,
        0.32159994589164853,
        0.32299995655193925,
        0.32620003912597895,
        0.31259999377653,
        0.32430002465844154,
        0.3758000093512237,
        0.3895999980159104,
        0.319099985063076,
        0.3165999660268426,
        0.31560001662001014,
        0.36509998608380556,
        0.4036999889649451,
        0.32950000604614615,
        0.32569997711107135,
        0.32270001247525215,
        0.40630000876262784,
        0.39360002847388387,
        0.32890000147745013,
        0.3277999931015074,
        0.4088999703526497,
        0.31859998125582933,
        0.3850000211969018,
        0.32110000029206276,
        0.32029999420046806,
        0.3208999987691641,
        0.33899996196851134,
        0.32079999800771475,
        0.4062999505549669,
        0.38439995842054486,
        0.3144999500364065,
        0.4027000395581126,
        0.3860999713651836,
        0.39499998092651367,
        0.3958999877795577,
        0.37570000858977437,
        0.36880001425743103,
        0.30590000096708536,
        0.3412999794818461,
        0.3304000128991902,
        0.4017999744974077,
        0.3265999839641154,
        0.3939999733120203,
        0.31269999453797936
      ],
      "mem_mean_kb": 8.96,
      "mem_min_kb": 4.0,
      "mem_max_kb": 20.0,
      "mem_series_kb": [
        20.0,
        4.0,
        12.0,
        12.0,
        4.0,
        12.0,
        4.0,
        20.0,
        12.0,
        12.0,
        12.0,
        4.0,
        4.0,
        12.0,
        4.0,
        4.0,
        12.0,
        4.0,
        12.0,
        12.0,
        4.0,
        4.0,
        4.0,
        12.0,
        12.0,
        12.0,
        12.0,
        4.0,
        20.0,
        12.0,
        4.0,
        4.0,
        4.0,
        4.0,
        12.0,
        20.0,
        12.0,
        12.0,
        12.0,
        12.0,
        4.0,
        4.0,
        4.0,
        12.0,
        4.0,
        4.0,
        4.0,
        4.0,
        20.0,
        4.0
      ]
    },
    "decapsulate": {
      "runs": 50,
      "mean_ms": 0.4494060040451586,
      "min_ms": 0.38410001434385777,
      "max_ms": 0.5287999520078301,
      "series": [
        0.4832999547943473,
        0.46279997332021594,
        0.40309998439624906,
        0.4844000213779509,
        0.4339000442996621,
        0.39519998244941235,
        0.46820001443848014,
        0.48210000386461616,
        0.38679997669532895,
        0.49080001190304756,
        0.4941000370308757,
        0.48670003889128566,
        0.38840004708617926,
        0.5287999520078301,
        0.49460004083812237,
        0.5041000549681485,
        0.3936999710276723,
        0.4931000294163823,
        0.388299988117069,
        0.4790000384673476,
        0.5043999990448356,
        0.5154000245966017,
        0.40799996349960566,
        0.4016000311821699,
        0.4810999962501228,
        0.3907000063918531,
        0.38840004708617926,
        0.4977000062353909,
        0.4848999669775367,
        0.3939999733120203,
        0.5029999883845448,
        0.3920000162906945,
        0.5040999967604876,
        0.38410001434385777,
        0.40259998058900237,
        0.3943000338040292,
        0.5034999921917915,
        0.39489998016506433,
        0.5065000150352716,
        0.38979999953880906,
        0.49270002637058496,
        0.4091999726369977,
        0.4944999818690121,
        0.42699999175965786,
        0.443900004029274,
        0.43160002678632736,
        0.40870002703741193,
        0.4830000107176602,
        0.5065000150352716,
        0.3907999489456415
      ],
      "mem_mean_kb": 9.76,
      "mem_min_kb": 4.0,
      "mem_max_kb": 20.0,
      "mem_series_kb": [
        20.0,
        4.0,
        4.0,
        20.0,
        4.0,
        12.0,
        12.0,
        12.0,
        12.0,
        12.0,
        12.0,
        12.0,
        12.0,
        12.0,
        20.0,
        12.0,
        4.0,
        4.0,
        4.0,
        12.0,
        12.0,
        4.0,
        4.0,
        4.0,
        12.0,
        20.0,
        4.0,
        12.0,
        12.0,
        12.0,
        12.0,
        12.0,
        12.0,
        12.0,
        12.0,
        4.0,
        12.0,
        12.0,
        12.0,
        4.0,
        4.0,
        4.0,
        12.0,
        4.0,
        4.0,
        4.0,
        12.0,
        20.0,
        4.0,
        4.0
      ]
    }
  },
  "meta": {
    "public_key_len": 1184,
    "secret_key_len": 2400,
    "ciphertext_len": 1088,
    "shared_secret_len": 32,
    "ciphertext_expansion_ratio": 34.0,
    "mechanism": null
  },
  "security": {
    "classical_bits": 128.0,
    "quantum_bits": 128.0,
    "shor_breakable": false,
    "notes": "ML-KEM (Kyber): NIST floor; enable --sec-adv for estimator.",
    "extras": {
      "category_floor": 128,
      "nist_category": 1
    }
  }
}