{
  "algo": "kyber",
  "kind": "KEM",
  "ops": {
    "keygen": {
      "runs": 3,
      "mean_ms": 0.692366670894747,
      "min_ms": 0.16750000941101462,
      "max_ms": 1.723699999274686,
      "series": [
        1.723699999274686,
        0.18590000399854034,
        0.16750000941101462
      ],
      "mem_mean_kb": 68.0,
      "mem_min_kb": 4.0,
      "mem_max_kb": 188.0,
      "mem_series_kb": [
        188.0,
        4.0,
        12.0
      ]
    },
    "encapsulate": {
      "runs": 3,
      "mean_ms": 0.3639999971104165,
      "min_ms": 0.33799999800976366,
      "max_ms": 0.38219999987632036,
      "series": [
        0.37179999344516546,
        0.33799999800976366,
        0.38219999987632036
      ],
      "mem_mean_kb": 12.0,
      "mem_min_kb": 4.0,
      "mem_max_kb": 20.0,
      "mem_series_kb": [
        20.0,
        12.0,
        4.0
      ]
    },
    "decapsulate": {
      "runs": 3,
      "mean_ms": 0.4768000023129086,
      "min_ms": 0.46239999937824905,
      "max_ms": 0.4988000000594184,
      "series": [
        0.4988000000594184,
        0.4692000075010583,
        0.46239999937824905
      ],
      "mem_mean_kb": 14.666666666666666,
      "mem_min_kb": 4.0,
      "mem_max_kb": 20.0,
      "mem_series_kb": [
        20.0,
        4.0,
        20.0
      ]
    }
  },
  "meta": {
    "public_key_len": 1184,
    "secret_key_len": 2400,
    "ciphertext_len": 1088,
    "shared_secret_len": 32
  }
}