{
  "algo": "mayo",
  "kind": "SIG",
  "ops": {
    "keygen": {
      "runs": 10,
      "mean_ms": 2.7036600513383746,
      "min_ms": 1.947800163179636,
      "max_ms": 3.418100066483021,
      "median_ms": 2.6920499512925744,
      "stddev_ms": 0.5692420184563193,
      "ci95_low_ms": 2.331762099784618,
      "ci95_high_ms": 3.0755580028921314,
      "range_ms": 1.4702999033033848,
      "series": [
        1.9786001648753881,
        2.409899840131402,
        2.9126000590622425,
        3.358200192451477,
        2.4714998435229063,
        3.2250001095235348,
        2.0473001059144735,
        3.267599968239665,
        1.947800163179636,
        3.418100066483021
      ],
      "mem_mean_kb": 30.0,
      "mem_min_kb": 20.0,
      "mem_max_kb": 92.0,
      "mem_median_kb": 24.0,
      "mem_stddev_kb": 20.726794252850585,
      "mem_ci95_low_kb": 16.458743249813697,
      "mem_ci95_high_kb": 43.54125675018631,
      "mem_range_kb": 72.0,
      "mem_series_kb": [
        92.0,
        24.0,
        24.0,
        24.0,
        20.0,
        24.0,
        24.0,
        20.0,
        24.0,
        24.0
      ],
      "runtime_scaling": {
        "baseline_device": "amd_ryzen_7_5700x",
        "baseline_metric": "geekbench6_single",
        "baseline_score": 1995.0,
        "alpha": 0.7,
        "model": "two_term",
        "predictions": {
          "intel_i9_14900k": {
            "device": "intel_i9_14900k",
            "predicted_ms": 1.4724055368672149,
            "factor": 0.5445971419884463,
            "compute_ratio": 0.6065673456977805,
            "bandwidth_ratio": 0.4,
            "model": "two_term"
          },
          "amd_ryzen_9_7950x": {
            "device": "amd_ryzen_9_7950x",
            "predicted_ms": 1.623490257018222,
            "factor": 0.6004786941370667,
            "compute_ratio": 0.6708137188971083,
            "bandwidth_ratio": 0.43636363636363634,
            "model": "two_term"
          },
          "esp32_s3": {
            "device": "esp32_s3",
            "predicted_ms": 54.34356703190134,
            "factor": 20.1,
            "compute_ratio": 3.0,
            "bandwidth_ratio": 60.0,
            "model": "two_term"
          },
          "nrf52840": {
            "device": "nrf52840",
            "predicted_ms": 173.54054188960947,
            "factor": 64.1872641509434,
            "compute_ratio": 9.410377358490566,
            "bandwidth_ratio": 192.0,
            "model": "two_term"
          },
          "macbookpro16_i9_9880h": {
            "device": "macbookpro16_i9_9880h",
            "predicted_ms": 7.647485886372843,
            "factor": 2.8285678454978687,
            "compute_ratio": 1.5011286681715577,
            "bandwidth_ratio": 5.9259259259259265,
            "model": "two_term"
          }
        },
        "notes": "Geekbench 6 single-core \u22481995; STREAM copy \u224848 GB/s (DDR4-3200)"
      }
    },
    "sign": {
      "runs": 10,
      "mean_ms": 2.8796400176361203,
      "min_ms": 2.414399990811944,
      "max_ms": 3.933300031349063,
      "median_ms": 2.807200071401894,
      "stddev_ms": 0.4700481118146134,
      "ci95_low_ms": 2.5725475609168873,
      "ci95_high_ms": 3.1867324743553533,
      "range_ms": 1.518900040537119,
      "series": [
        2.4349000304937363,
        3.1197001226246357,
        2.7984001208096743,
        3.933300031349063,
        2.4380998220294714,
        2.414399990811944,
        2.4524000473320484,
        3.3374999184161425,
        2.816000021994114,
        3.051700070500374
      ],
      "mem_mean_kb": 26.3916015625,
      "mem_min_kb": 20.0,
      "mem_max_kb": 52.0,
      "mem_median_kb": 24.0,
      "mem_stddev_kb": 8.618639527429604,
      "mem_ci95_low_kb": 20.760860539334892,
      "mem_ci95_high_kb": 32.02234258566511,
      "mem_range_kb": 32.0,
      "mem_series_kb": [
        24.0,
        24.0,
        24.0,
        24.0,
        24.0,
        20.0,
        52.0,
        24.0,
        24.0,
        23.916015625
      ],
      "runtime_scaling": {
        "baseline_device": "amd_ryzen_7_5700x",
        "baseline_metric": "geekbench6_single",
        "baseline_score": 1995.0,
        "alpha": 0.7,
        "model": "two_term",
        "predictions": {
          "intel_i9_14900k": {
            "device": "intel_i9_14900k",
            "predicted_ms": 1.5682437235601903,
            "factor": 0.5445971419884463,
            "compute_ratio": 0.6065673456977805,
            "bandwidth_ratio": 0.4,
            "model": "two_term"
          },
          "amd_ryzen_9_7950x": {
            "device": "amd_ryzen_9_7950x",
            "predicted_ms": 1.7291624773749772,
            "factor": 0.6004786941370667,
            "compute_ratio": 0.6708137188971083,
            "bandwidth_ratio": 0.43636363636363634,
            "model": "two_term"
          },
          "esp32_s3": {
            "device": "esp32_s3",
            "predicted_ms": 57.880764354486026,
            "factor": 20.1,
            "compute_ratio": 3.0,
            "bandwidth_ratio": 60.0,
            "model": "two_term"
          },
          "nrf52840": {
            "device": "nrf52840",
            "predicted_ms": 184.836214471637,
            "factor": 64.1872641509434,
            "compute_ratio": 9.410377358490566,
            "bandwidth_ratio": 192.0,
            "model": "two_term"
          },
          "macbookpro16_i9_9880h": {
            "device": "macbookpro16_i9_9880h",
            "predicted_ms": 8.145257160494445,
            "factor": 2.8285678454978687,
            "compute_ratio": 1.5011286681715577,
            "bandwidth_ratio": 5.9259259259259265,
            "model": "two_term"
          }
        },
        "notes": "Geekbench 6 single-core \u22481995; STREAM copy \u224848 GB/s (DDR4-3200)"
      }
    },
    "verify": {
      "runs": 10,
      "mean_ms": 2.6665900135412812,
      "min_ms": 1.6763999592512846,
      "max_ms": 3.649200079962611,
      "median_ms": 2.5900000473484397,
      "stddev_ms": 0.6279192635823677,
      "ci95_low_ms": 2.25635696626783,
      "ci95_high_ms": 3.0768230608147324,
      "range_ms": 1.9728001207113266,
      "series": [
        3.649200079962611,
        3.2184000592678785,
        1.9487999379634857,
        2.3731000255793333,
        1.6763999592512846,
        3.2903000246733427,
        2.271799836307764,
        3.226200118660927,
        2.204800024628639,
        2.806900069117546
      ],
      "mem_mean_kb": 48.2080078125,
      "mem_min_kb": 24.0,
      "mem_max_kb": 180.0,
      "mem_median_kb": 24.0,
      "mem_stddev_kb": 47.703138316577764,
      "mem_ci95_low_kb": 17.042530129158315,
      "mem_ci95_high_kb": 79.37348549584169,
      "mem_range_kb": 156.0,
      "mem_series_kb": [
        180.0,
        24.0,
        84.0,
        24.0,
        24.0,
        24.0,
        24.0,
        24.0,
        24.0,
        50.080078125
      ],
      "runtime_scaling": {
        "baseline_device": "amd_ryzen_7_5700x",
        "baseline_metric": "geekbench6_single",
        "baseline_score": 1995.0,
        "alpha": 0.7,
        "model": "two_term",
        "predictions": {
          "intel_i9_14900k": {
            "device": "intel_i9_14900k",
            "predicted_ms": 1.4522173002295142,
            "factor": 0.5445971419884463,
            "compute_ratio": 0.6065673456977805,
            "bandwidth_ratio": 0.4,
            "model": "two_term"
          },
          "amd_ryzen_9_7950x": {
            "device": "amd_ryzen_9_7950x",
            "predicted_ms": 1.6012304891302114,
            "factor": 0.6004786941370667,
            "compute_ratio": 0.6708137188971083,
            "bandwidth_ratio": 0.43636363636363634,
            "model": "two_term"
          },
          "esp32_s3": {
            "device": "esp32_s3",
            "predicted_ms": 53.59845927217976,
            "factor": 20.1,
            "compute_ratio": 3.0,
            "bandwidth_ratio": 60.0,