{
  "algo": "kyber",
  "kind": "KEM",
  "ops": {
    "keygen": {
      "runs": 25,
      "mean_ms": 0.25473599787801504,
      "min_ms": 0.1680999994277954,
      "max_ms": 1.5581999905407429,
      "series": [
        1.5581999905407429,
        0.18519999866839498,
        0.1753999968059361,
        0.20560000848490745,
        0.18570000247564167,
        0.19099999917671084,
        0.18339999951422215,
        0.20149999181739986,
        0.20369999401737005,
        0.185500000952743,
        0.1680999994277954,
        0.20939999376423657,
        0.2032000047620386,
        0.23299999884329736,
        0.20700000459328294,
        0.24090000079013407,
        0.20929999300278723,
        0.18529999942984432,
        0.20640000002458692,
        0.2069999900413677,
        0.20429999858606607,
        0.20489998860284686,
        0.20650000078603625,
        0.22699999681208283,
        0.18089999502990395
      ],
      "mem_mean_kb": 15.68,
      "mem_min_kb": 4.0,
      "mem_max_kb": 164.0,
      "mem_series_kb": [
        164.0,
        4.0,
        12.0,
        12.0,
        12.0,
        20.0,
        12.0,
        20.0,
        16.0,
        4.0,
        12.0,
        4.0,
        12.0,
        12.0,
        4.0,
        4.0,
        20.0,
        4.0,
        12.0,
        4.0,
        4.0,
        4.0,
        4.0,
        4.0,
        12.0
      ]
    },
    "encapsulate": {
      "runs": 25,
      "mean_ms": 0.3700760001083836,
      "min_ms": 0.308899994706735,
      "max_ms": 0.4938000056426972,
      "series": [
        0.4938000056426972,
        0.41280000004917383,
        0.4096000047866255,
        0.4064999957336113,
        0.40019999141804874,
        0.40080001053866,
        0.4011999990325421,
        0.4149999876972288,
        0.3367000026628375,
        0.3848000051220879,
        0.31239999225363135,
        0.3164999943692237,
        0.3099000023212284,
        0.31289999606087804,
        0.308899994706735,
        0.397100011468865,
        0.3186999965691939,
        0.31450000824406743,
        0.40159998752642423,
        0.4132000030949712,
        0.42270000267308205,
        0.3308000013930723,
        0.3935999993700534,
        0.31650000892113894,
        0.3212000010535121
      ],
      "mem_mean_kb": 9.6,
      "mem_min_kb": 4.0,
      "mem_max_kb": 24.0,
      "mem_series_kb": [
        24.0,
        12.0,
        4.0,
        4.0,
        12.0,
        12.0,
        12.0,
        12.0,
        12.0,
        12.0,
        12.0,
        4.0,
        4.0,
        4.0,
        4.0,
        12.0,
        12.0,
        12.0,
        12.0,
        12.0,
        4.0,
        4.0,
        12.0,
        4.0,
        12.0
      ]
    },
    "decapsulate": {
      "runs": 25,
      "mean_ms": 0.4786760010756552,
      "min_ms": 0.40360000275541097,
      "max_ms": 0.5362000083550811,
      "series": [
        0.44600000546779484,
        0.5148000054759905,
        0.4057000041939318,
        0.531300000147894,
        0.5093999934615567,
        0.4102000093553215,
        0.45530000352300704,
        0.5265999934636056,
        0.5023999983677641,
        0.5362000083550811,
        0.5178999999770895,
        0.5133000086061656,
        0.42150000808760524,
        0.528200005646795,
        0.48550000065006316,
        0.5160000000614673,
        0.4157999937888235,
        0.5223000043770298,
        0.414699999964796,
        0.41519998922012746,
        0.5115999956615269,
        0.41960000817198306,
        0.5294000002322719,
        0.40360000275541097,
        0.5143999878782779
      ],
      "mem_mean_kb": 11.36,
      "mem_min_kb": 4.0,
      "mem_max_kb": 20.0,
      "mem_series_kb": [
        20.0,
        12.0,
        4.0,
        12.0,
        4.0,
        12.0,
        4.0,
        12.0,
        12.0,
        12.0,
        20.0,
        20.0,
        12.0,
        12.0,
        12.0,
        4.0,
        20.0,
        4.0,
        12.0,
        12.0,
        12.0,
        12.0,
        4.0,
        12.0,
        12.0
      ]
    }
  },
  "meta": {
    "public_key_len": 1184,
    "secret_key_len": 2400,
    "ciphertext_len": 1088,
    "shared_secret_len": 32,
    "ciphertext_expansion_ratio": 34.0,
    "mechanism": "ML-KEM-768"
  },
  "security": {
    "mechanism": "ML-KEM-768",
    "family": "ML-KEM",
    "category_floor": 192,
    "nist_category": 3,
    "classical_bits": 192.0,
    "quantum_bits": 192.0,
    "shor_breakable": false,
    "notes": "ML-KEM (Kyber): NIST floor baseline; Kyber-specific curated ranges attached in extras. Enable --sec-adv to use APS lattice estimator when available.",
    "parameters": {
      "mechanism": "ML-KEM-768",
      "n": 256,
      "k": 3,
      "q": 3329,
      "eta1": 2,
      "eta2": 2,
      "n_lwe": 768
    }
  }
}