{
  "algo": "rsa-oaep",
  "kind": "KEM",
  "ops": {
    "keygen": {
      "runs": 10,
      "mean_ms": 32.72932999998375,
      "min_ms": 12.677300000177638,
      "max_ms": 92.28609999991022
    },
    "encapsulate": {
      "runs": 10,
      "mean_ms": 34.49330000003101,
      "min_ms": 12.972300000001269,
      "max_ms": 69.05790000018897
    },
    "decapsulate": {
      "runs": 10,
      "mean_ms": 74.08718999986377,
      "min_ms": 42.79690000021219,
      "max_ms": 159.93339999931777
    }
  },
  "meta": {
    "public_key_len": 294,
    "secret_key_len": 1215,
    "ciphertext_len": 256,
    "shared_secret_len": 32
  }
}