{
  "algo": "sphincs+",
  "kind": "SIG",
  "ops": {
    "keygen": {
      "runs": 10,
      "mean_ms": 3.6489899968728423,
      "min_ms": 2.8711999766528606,
      "max_ms": 4.948699846863747,
      "median_ms": 3.4328500041738153,
      "stddev_ms": 0.6907310297632078,
      "ci95_low_ms": 3.197720683092792,
      "ci95_high_ms": 4.100259310652893,
      "range_ms": 2.077499870210886,
      "series": [
        2.8711999766528606,
        3.1014999840408564,
        3.007299965247512,
        2.9577999375760555,
        4.948699846863747,
        4.091900074854493,
        4.509800113737583,
        4.136000061407685,
        3.333200002089143,
        3.5325000062584877
      ],
      "mem_mean_kb": 23.6,
      "mem_min_kb": 20.0,
      "mem_max_kb": 24.0,
      "mem_median_kb": 24.0,
      "mem_stddev_kb": 1.2,
      "mem_ci95_low_kb": 22.81601440618398,
      "mem_ci95_high_kb": 24.38398559381602,
      "mem_range_kb": 4.0,
      "mem_series_kb": [
        20.0,
        24.0,
        24.0,
        24.0,
        24.0,
        24.0,
        24.0,
        24.0,
        24.0,
        24.0
      ],
      "runtime_scaling": {
        "baseline_device": "amd_ryzen_7_5700x",
        "baseline_metric": "geekbench6_single",
        "baseline_score": 1995.0,
        "alpha": 0.75,
        "model": "two_term",
        "predictions": {
          "intel_i9_14900k": {
            "device": "intel_i9_14900k",
            "predicted_ms": 2.0249176323479685,
            "factor": 0.5549255092733354,
            "compute_ratio": 0.6065673456977805,
            "bandwidth_ratio": 0.4,
            "model": "two_term"
          },
          "amd_ryzen_9_7950x": {
            "device": "amd_ryzen_9_7950x",
            "predicted_ms": 2.233916048537956,
            "factor": 0.6122011982637403,
            "compute_ratio": 0.6708137188971083,
            "bandwidth_ratio": 0.43636363636363634,
            "model": "two_term"
          },
          "esp32_s3": {
            "device": "esp32_s3",
            "predicted_ms": 62.94507744605653,
            "factor": 17.25,
            "compute_ratio": 3.0,
            "bandwidth_ratio": 60.0,
            "model": "two_term"
          },
          "nrf52840": {
            "device": "nrf52840",
            "predicted_ms": 200.9052994858445,
            "factor": 55.05778301886792,
            "compute_ratio": 9.410377358490566,
            "bandwidth_ratio": 192.0,
            "model": "two_term"
          },
          "macbookpro16_i9_9880h": {
            "device": "macbookpro16_i9_9880h",
            "predicted_ms": 9.514113727111084,
            "factor": 2.60732798261015,
            "compute_ratio": 1.5011286681715577,
            "bandwidth_ratio": 5.9259259259259265,
            "model": "two_term"
          }
        },
        "notes": "Geekbench 6 single-core \u22481995; STREAM copy \u224848 GB/s (DDR4-3200)"
      }
    },
    "sign": {
      "runs": 10,
      "mean_ms": 42.16411993838847,
      "min_ms": 41.18579998612404,
      "max_ms": 43.76769997179508,
      "median_ms": 42.016449850052595,
      "stddev_ms": 0.7740237380684322,
      "ci95_low_ms": 41.658433721790736,
      "ci95_high_ms": 42.6698061549862,
      "range_ms": 2.5818999856710434,
      "series": [
        42.4834000878036,
        41.881199926137924,
        41.18579998612404,
        41.922199772670865,
        42.110699927434325,
        41.22549993917346,
        43.14989992417395,
        43.76769997179508,
        42.33219986781478,
        41.58259998075664
      ],
      "mem_mean_kb": 32.5337890625,
      "mem_min_kb": 25.3583984375,
      "mem_max_kb": 62.7705078125,
      "mem_median_kb": 25.6826171875,
      "mem_stddev_kb": 12.365510096966922,
      "mem_ci95_low_kb": 24.45513758232615,
      "mem_ci95_high_kb": 40.61244054267385,
      "mem_range_kb": 37.412109375,
      "mem_series_kb": [
        32.0,
        25.3896484375,
        49.7060546875,
        62.7705078125,
        25.4130859375,
        25.3583984375,
        25.9521484375,
        25.3583984375,
        25.3896484375,
        28.0
      ],
      "runtime_scaling": {
        "baseline_device": "amd_ryzen_7_5700x",
        "baseline_metric": "geekbench6_single",
        "baseline_score": 1995.0,
        "alpha": 0.75,
        "model": "two_term",
        "predictions": {
          "intel_i9_14900k": {
            "device": "intel_i9_14900k",
            "predicted_ms": 23.397945729872216,
            "factor": 0.5549255092733354,
            "compute_ratio": 0.6065673456977805,
            "bandwidth_ratio": 0.4,
            "model": "two_term"
          },
          "amd_ryzen_9_7950x": {
            "device": "amd_ryzen_9_7950x",
            "predicted_ms": 25.812924750017483,
            "factor": 0.6122011982637403,
            "compute_ratio": 0.6708137188971083,
            "bandwidth_ratio": 0.43636363636363634,
            "model": "two_term"
          },
          "esp32_s3": {
            "device": "esp32_s3",
            "predicted_ms": 727.331068937201,
            "factor": 17.25,
            "compute_ratio": 3.0,
            "bandwidth_ratio": 60.0,
            "model": "two_term"
          },
          "nrf52840": {
            "device": "nrf52840",
            "predicted_ms": 2321.462966749315,
            "factor": 55.05778301886792,
            "compute_ratio": 9.410377358490566,
            "bandwidth_ratio": 192.0,
            "model": "two_term"
          },
          "macbookpro16_i9_9880h": {
            "device": "macbookpro16_i9_9880h",
            "predicted_ms": 109.9356897774908,
            "factor": 2.60732798261015,
            "compute_ratio": 1.5011286681715577,
            "bandwidth_ratio": 5.9259259259259265,
            "model": "two_term"
          }
        },
        "notes": "Geekbench 6 single-core \u22481995; STREAM copy \u224848 GB/s (DDR4-3200)"
      }
    },
    "verify": {
      "runs": 10,
      "mean_ms": 4.443180025555193,
      "min_ms": 3.5969000309705734,
      "max_ms": 5.162500077858567,
      "median_ms": 4.420399898663163,
      "stddev_ms": 0.520087903123073,
      "ci95_low_ms": 4.103395505916467,
      "ci95_high_ms": 4.78296454519392,
      "range_ms": 1.5656000468879938,
      "series": [
        4.9640999641269445,
        3.754700068384409,
        4.584499867632985,
        4.196000052616,
        4.9668001011013985,
        4.88350004889071,
        4.256299929693341,
        5.162500077858567,
        4.066500114277005,
        3.5969000309705734
      ],
      "mem_mean_kb": 29.7654296875,
      "mem_min_kb": 28.7451171875,
      "mem_max_kb": 32.0,
      "mem_median_kb": 29.8544921875,
      "mem_stddev_kb": 1.005409278088921,
      "mem_ci95_low_kb": 29.108574362574434,
      "mem_ci95_high_kb": 30.422285012425565,
      "mem_range_kb": 3.2548828125,
      "mem_series_kb": [
        30.267578125,
        28.7451171875,
        28.7451171875,
        29.8544921875,
        32.0,
        28.7451171875,
        30.3857421875,
        30.3115234375,
        28.7451171875,
        29.8544921875
      ],
      "runtime_scaling": {
        "baseline_device": "amd_ryzen_7_5700x",
        "baseline_metric": "geekbench6_single",
        "baseline_score": 1995.0,
        "alpha": 0.75,
        "model": "two_term",
        "predictions": {
          "intel_i9_14900k": {
            "device": "intel_i9_14900k",
            "predicted_ms": 2.465633938474327,
            "factor": 0.5549255092733354,
            "compute_ratio": 0.6065673456977805,
            "bandwidth_ratio": 0.4,
            "model": "two_term"
          },
          "amd_ryzen_9_7950x": {
            "device": "amd_ryzen_9_7950x",
            "predicted_ms": 2.7201201357464058,
            "factor": 0.6122011982637403,
            "compute_ratio": 0.6708137188971083,
            "bandwidth_ratio": 0.43636363636363634,
            "model": "two_term"
          },
          "esp32_s3": {
            "device": "esp32_s3",