{
  "algo": "sphincs+",
  "kind": "SIG",
  "ops": {
    "keygen": {
      "runs": 50,
      "mean_ms": 1.5772100049071014,
      "min_ms": 1.3983999961055815,
      "max_ms": 2.6673999964259565,
      "series": [
        2.6673999964259565,
        1.4265000354498625,
        1.5569999814033508,
        1.7804999952204525,
        1.5527000068686903,
        1.8232000293210149,
        1.5613000141456723,
        1.6302000149153173,
        1.6110999858938158,
        1.4130999916233122,
        1.708500029053539,
        1.5965999918989837,
        1.4202999882400036,
        1.7133000073954463,
        1.5688000130467117,
        1.7130000051110983,
        1.532500027678907,
        1.8233000300824642,
        1.5953000402078032,
        1.49049999890849,
        1.6478000325150788,
        1.7813000013120472,
        1.5727999852970243,
        1.4103999710641801,
        1.408000010997057,
        1.7240000306628644,
        1.4317999593913555,
        1.580099982675165,
        1.601999974809587,
        1.4776000170968473,
        1.641899987589568,
        1.4449000009335577,
        1.414800004567951,
        1.5654000453650951,
        1.4150000060908496,
        1.5097999712452292,
        1.5007000183686614,
        1.3983999961055815,
        1.5306000132113695,
        1.4186000335030258,
        1.4088000170886517,
        1.5546000213362277,
        1.5344999847002327,
        1.5317999641411006,
        1.5394000220112503,
        1.5378000098280609,
        1.532199967186898,
        1.4167000190354884,
        1.5829000039957464,
        1.5608000103384256
      ],
      "mem_mean_kb": 15.52,
      "mem_min_kb": 4.0,
      "mem_max_kb": 248.0,
      "mem_series_kb": [
        248.0,
        12.0,
        12.0,
        20.0,
        12.0,
        16.0,
        12.0,
        12.0,
        12.0,
        20.0,
        12.0,
        12.0,
        4.0,
        12.0,
        4.0,
        12.0,
        20.0,
        12.0,
        12.0,
        12.0,
        4.0,
        12.0,
        12.0,
        4.0,
        4.0,
        20.0,
        12.0,
        12.0,
        20.0,
        12.0,
        4.0,
        4.0,
        4.0,
        4.0,
        4.0,
        12.0,
        12.0,
        20.0,
        12.0,
        12.0,
        12.0,
        12.0,
        4.0,
        4.0,
        4.0,
        12.0,
        4.0,
        4.0,
        12.0,
        20.0
      ]
    },
    "sign": {
      "runs": 50,
      "mean_ms": 32.28509399923496,
      "min_ms": 31.920199980959296,
      "max_ms": 32.797400024719536,
      "series": [
        32.12170000188053,
        32.18199999537319,
        32.39499998744577,
        31.920199980959296,
        32.11359999841079,
        32.56750002037734,
        32.10589999798685,
        32.11989998817444,
        32.221200002823025,
        32.22530003404245,
        32.50599995953962,
        32.37139998236671,
        32.5460999738425,
        32.543899957090616,
        32.51950000412762,
        32.15689997887239,
        32.188599987421185,
        32.172099978197366,
        32.15769998496398,
        32.453699968755245,
        32.305600005201995,
        32.14200004003942,
        32.032799965236336,
        32.139900024048984,
        32.22819999791682,
        32.04520000144839,
        32.50680002383888,
        32.797400024719536,
        32.42539998609573,
        32.581300009042025,
        32.44410001207143,
        32.33880002517253,
        32.28849999140948,
        32.07800001837313,
        32.36670000478625,
        32.470400037709624,
        32.419600000139326,
        32.18669997295365,
        32.10889996262267,
        31.97900002123788,
        32.31800004141405,
        32.486700045410544,
        32.067199994344264,
        32.585800043307245,
        32.64999995008111,
        32.1371000027284,
        32.31029998278245,
        32.212499994784594,
        31.95540001615882,
        32.058199984021485
      ],
      "mem_mean_kb": 7.76,
      "mem_min_kb": 4.0,
      "mem_max_kb": 20.0,
      "mem_series_kb": [
        20.0,
        4.0,
        4.0,
        4.0,
        4.0,
        16.0,
        20.0,
        4.0,
        12.0,
        4.0,
        4.0,
        4.0,
        4.0,
        4.0,
        4.0,
        4.0,
        4.0,
        12.0,
        4.0,
        12.0,
        4.0,
        4.0,
        4.0,
        4.0,
        4.0,
        4.0,
        12.0,
        12.0,
        12.0,
        4.0,
        12.0,
        12.0,
        12.0,
        4.0,
        4.0,
        12.0,
        12.0,
        12.0,
        12.0,
        4.0,
        4.0,
        4.0,
        20.0,
        4.0,
        12.0,
        12.0,
        4.0,
        12.0,
        4.0,
        4.0
      ]
    },
    "verify": {
      "runs": 50,
      "mean_ms": 34.07476200140081,
      "min_ms": 33.78110000630841,
      "max_ms": 34.70319998450577,
      "series": [
        34.02369999093935,
        34.426000027451664,
        33.96420000353828,
        34.16029998334125,
        33.93639996647835,
        33.86470000259578,
        33.97889999905601,
        34.16159999324009,
        33.93059998052195,
        33.89160003280267,
        34.18929997133091,
        33.885200042277575,
        33.97719998611137,
        33.922099974006414,
        34.2662000330165,
        33.911900012753904,
        34.03510001953691,
        34.11399998003617,
        34.25199998309836,
        34.70319998450577,
        33.96880003856495,
        33.98040001047775,
        34.25870003411546,
        33.90919999219477,
        34.14060000795871,
        33.97940000286326,
        34.22460000729188,
        34.015399985946715,
        33.95269997417927,
        34.09470000769943,
        34.11980002420023,
        33.94100000150502,
        34.17020000051707,
        34.02090002782643,
        34.488100034650415,
        34.36579997651279,
        33.80089998245239,
        34.06490001361817,
        34.41180003574118,
        34.034699958283454,
        33.78110000630841,
        33.82900002179667,
        33.82759995292872,
        33.8818000163883,
        34.28019996499643,
        34.03280000202358,
        34.06919998815283,
        34.04719999525696,
        33.914700034074485,
        34.53770000487566
      ],
      "mem_mean_kb": 7.44,
      "mem_min_kb": 4.0,
      "mem_max_kb": 20.0,
      "mem_series_kb": [
        20.0,
        4.0,
        4.0,
        4.0,
        12.0,
        4.0,
        4.0,
        4.0,
        12.0,
        4.0,
        4.0,
        12.0,
        4.0,
        4.0,
        4.0,
        4.0,
        12.0,
        12.0,
        12.0,
        20.0,
        12.0,
        4.0,
        4.0,
        12.0,
        4.0,
        12.0,
        4.0,
        12.0,
        12.0,
        4.0,
        8.0,
        4.0,
        4.0,
        12.0,
        4.0,
        20.0,
        4.0,
        4.0,
        4.0,
        4.0,
        12.0,
        4.0,
        4.0,
        4.0,
        12.0,
        4.0,
        4.0,
        4.0,
        12.0,
        4.0
      ]
    }
  },
  "meta": {
    "public_key_len": 32,
    "secret_key_len": 64,
    "signature_len": 17088,
    "message_size": 1024,
    "signature_expansion_ratio": 16.6875,
    "mechanism": null
  },
  "security": {
    "classical_bits": null,
    "quantum_bits": null,
    "shor_breakable": false,
    "notes": "No estimator available for this algorithm.",
    "extras": {}
  }
}