{
  "algo": "xmssmt",
  "kind": "SIG",
  "ops": {
    "keygen": {
      "runs": 10,
      "mean_ms": 0.0003500026650726795,
      "min_ms": 0.000100000761449337,
      "max_ms": 0.000900006853044033
    },
    "sign": {
      "runs": 10,
      "mean_ms": 0.0005199981387704611,
      "min_ms": 0.000300002284348011,
      "max_ms": 0.00100000761449337
    },
    "verify": {
      "runs": 10,
      "mean_ms": 0.0005099980626255274,
      "min_ms": 0.000300002284348011,
      "max_ms": 0.000900006853044033
    }
  },
  "meta": {
    "public_key_len": 2,
    "secret_key_len": 2,
    "signature_len": 3,
    "message_size": 1024
  }
}