modulus_bits,runtime_seconds,runtime_hours,runtime_days,classical_core_years
2048,28799.999999999996,7.999999999999999,0.3333333333333333,629121564986884.9
3072,106559.06337515486,29.599739826431904,1.233322492767996,2.3822250442829925e+21
4096,252755.8569090484,70.20996025251344,2.9254150105213936,5.290271627696967e+26
7680,1813678.4741876714,503.7995761632421,20.991649006801754,5.3447815983895085e+40
